,Buffer Size = 60000,Buffer Size = 80000,Buffer Size = 100000,Buffer Size = 120000
0,-244.26935612893305,-167.1829948014089,-170.42269318543046,-14.7581795045149
1,-726.6032992868787,-225.74670637831287,-138.1227905498342,-118.12817464939062
2,-822.3978125290712,-174.35360431143684,-153.37986060024116,-99.54207408695177
3,-551.6115769923579,-139.55872993955455,-21.857524999364244,-147.44012939371947
4,-737.5624357422618,-121.30720418916692,-136.48433428861026,-123.68581081944029
5,-568.8824942128406,-117.23876751159395,-82.63012337860238,-148.38184095043565
6,-572.0414969415384,-136.62159263266784,-119.49647218365311,-104.97112519326858
7,-479.1282489769057,-92.96896933981809,-97.11035780419869,-115.98573132093324
8,-585.2232798185986,-338.37059676960956,-126.88479577208662,-100.45431555326788
9,-716.9055711658937,-112.9918501901241,-120.71948632495508,11.070089193472853
10,-238.60742938098284,-137.86560392020155,-134.7863559637454,-141.332689059828
11,-230.3323418978814,-355.3297278661747,-143.89536620970281,-137.8957034944222
12,-244.13386335123673,-282.864077235247,-156.06346149629897,-123.7240065600042
13,-577.7988152805492,-244.3415229977438,-155.23748047256692,-111.39544067369407
14,-321.5112157157305,-135.76158495437477,-271.7852620770928,-116.56881191520169
15,-300.6119868787473,-549.837868386754,-150.22854341502494,-448.75581933312833
16,-131.68423893738128,-146.56403504132908,-449.24303927636475,-507.3390590540927
17,-95.5301011145757,-139.64549554974525,-540.2910979094929,-180.65889663254438
18,-141.68065478120707,-173.63820855888713,-219.4048784325248,-502.221737122697
19,-184.0768353416559,-222.52229938884247,-145.5988388365766,-146.5005303051439
20,-113.67225833874576,-151.18305531405383,-139.7538741058008,-136.304208992123
21,-101.9741547696971,-334.662055766525,-150.49818861052967,47.54217002492936
22,-125.86440918751472,-346.9073529026747,19.35594833140256,-145.8640907876609
23,-118.38023477108166,-229.35255216199593,-143.74398969722952,-117.38132841585895
24,-112.26316375211411,-250.9828145889373,-128.67254579148164,-43.07524998419814
25,-154.5559406003568,-124.93356555965246,-128.32040112963122,-115.90560121443644
26,-143.64314795376617,-147.0375783388404,-161.1485945871301,-36.869032831792595
27,-159.26592890011972,-84.81901980377748,-129.879349629042,-62.18371398735093
28,-228.861405050788,-142.15489703080613,-153.373622191986,-124.41443286038113
29,-150.20418017610052,-139.44188392052098,-38.866010235132165,18.43826480539164
30,-160.84945600282788,-152.0440028351545,-167.91810534509625,-99.65078803043787
31,-204.14586383291203,-126.69327488945956,-117.26891670321615,-21.570919025621023
32,-157.97695316754186,-116.36814252655529,-184.3785365359302,-41.84742593662337
33,-111.39692717413159,-141.5514802973645,-175.58278466564713,-143.14076906859128
34,-157.27985328021083,-169.0746330720074,-216.44160680803097,-181.53636297890154
35,-90.75208520484836,-122.69153582968093,-191.3920970498891,-115.29252059070618
36,-132.70286370240282,-117.29558456926681,-229.49467651566755,-122.08394424167172
37,-141.56336013887426,-116.46996964823433,-169.15391970076723,-89.61841625174186
38,-156.57469229341663,-167.15525845847748,-160.87596056931363,-107.48635785556966
39,-118.86851462145731,-126.29776514221822,-211.13609466100814,-168.9837041006042
40,-163.5973680101427,-150.29373199432507,-190.2936826628041,-359.04286068950296
41,-245.4391951621542,-160.5669338769075,-183.12921404531562,-62.80129663736144
42,-142.1195326993429,-150.61377663467724,-181.27079425841737,-125.17997763338914
43,-292.6958127095365,-110.29426176873599,-291.4198916745278,-181.65027250365375
44,-131.21063267545048,-146.55602175689228,-303.92148679202637,-221.47621113228865
45,-137.57302786515825,-134.69617917624203,-340.75638061453435,-210.53124336212883
46,-98.28975892346213,-116.71381475894448,-198.693079994909,-283.79296031299145
47,-167.218799462939,-115.77511404860682,-166.47159634425483,-112.47654494496143
48,-157.14158898611333,-169.85435485630688,-202.62233442555,-399.47520020455096
49,-199.03316142481034,-109.77193063208487,-286.0618330693271,-569.510116581497
50,-214.1443603531008,-147.17321577787678,-168.551650893361,-288.9433332550937
51,-174.55839067134775,-128.15297679962526,-241.06406533351426,-204.5989907064837
52,-233.1705249893424,-179.58795533450825,-250.3404099499217,-223.4621945725998
53,-126.37248738367305,-158.2521150677137,-129.02011056610203,-154.31177295529665
54,-156.66505442299993,-132.67544690454793,-227.65898285312272,-143.4618773475434
55,-206.43657336668633,-95.42291884687282,-279.62259464020366,-95.44980334688162
56,-308.79176817987764,-79.59678197262701,-162.70737880099267,-32.647148410257174
57,-109.43770385094199,-143.9923355959347,-344.5863846061683,-114.38935931895428
58,-242.44636263191575,-160.9736977081991,-137.91392453876682,-171.98955564884125
59,-142.7787642782042,-146.20081484025613,-92.45431883964437,-82.00205201521838
60,-254.7696685170561,-130.09675240961752,-144.15021513505835,-173.48811203616174
61,-129.4935535476744,-121.0206654489152,-573.8944628363114,-107.85776956095738
62,-246.42934981648995,-117.23384161565619,-175.16776692658442,-136.62647130386654
63,-125.35295746684285,-137.4799099953745,-274.2104422166109,-247.09178444784752
64,-204.95005198064806,-139.4337345547414,-115.58875581642636,-197.57490769171184
65,-204.51235587185448,-174.41884271453475,-147.8095893015663,-48.999143223137764
66,-5.244492548513492,-59.460813053901205,-187.3341953079024,-97.3092015137232
67,-181.80111535952284,-82.16090830865092,-169.04491539232973,-191.96517486633275
68,-220.5215228809897,-133.4660332907051,-178.50667240416004,-173.85882889038027
69,-259.46642688870566,-70.18821697474687,-366.6506939484648,-117.31013660377572
70,-160.07234368879128,-165.65937872896282,-258.9245415365888,-113.63043065670506
71,-116.95934871160736,-109.83615540258137,-144.32782523775583,-114.62566467285062
72,-164.9980876532216,-105.9268586695647,-156.09315038489012,-95.18879392209652
73,-193.7562901931025,-114.6393978507566,-237.29516570071115,-95.02154978450002
74,-162.52882522783085,-117.15385991529664,-287.75204183325053,-253.16305284246627
75,-163.44684898400726,-86.33439404782155,-110.46700692182304,-68.62890589495515
76,-118.7882301512459,-110.75845410195136,-205.15841974888338,-88.68574774606118
77,-163.40966939310277,-129.92489874369826,-200.309222517217,-133.76030665473513
78,-244.04823012067123,-108.53618430117885,-241.73571976172377,-258.6926222236107
79,-193.25062129394286,-102.65933861401408,-160.17596696891002,-118.75775174691964
80,-209.69633080453352,-147.51616286468914,-154.19084635016785,-33.45171234107622
81,-198.88429680035637,-122.79917883625434,-207.00869400093376,-115.6808426766007
82,15.961477872850452,16.241360641870813,-177.48839157733545,-76.57732486900554
83,-101.30312793867174,-116.4298315318615,-202.799875420709,-142.5896272863336
84,-153.6814127311938,-101.01984517596664,-205.62401672766987,-210.90260648782402
85,-189.42634119797395,-28.72152813209874,-171.2028101731628,-153.21281553831182
86,-123.41905565936523,-154.1461183993986,-247.43622903697585,-182.21467338027915
87,-111.90614893185477,-153.8862710030121,-312.8636674036634,-194.58115733084824
88,-158.96228975400703,-161.98639461716172,-160.52256286634437,-94.16463717453843
89,-119.83323849182537,-224.84836602756172,-244.92445900245275,-153.95548579844666
90,-144.03418124297434,-149.12090128591865,-370.53309415057487,-125.53911239518655
91,-141.09276763169294,-230.47482918759061,-455.7633976454654,-29.883433281990577
92,-162.3226462830325,-141.2606230433894,-199.2808212669699,-152.40586590322718
93,-138.61126376380557,-172.02229004648765,-129.432329926291,-175.64380918906136
94,-122.97210058721663,-219.49619405362557,-122.51825011706343,-110.9102075831173
95,-160.81253930431123,-111.71369848688197,-118.51005196306802,-129.13721747287815
96,-259.18107230452125,-285.3666120489006,-101.00642944750818,-130.71734978817346
97,-191.13832366171772,-63.470946522239146,-144.16258465955212,-154.23785703219255
98,-379.8273424337292,-127.83451587263734,-157.30659440261735,-201.26652072279464
99,-169.82984828401726,-127.70894349118137,-126.00338578154543,-63.23600586225206
100,-135.45675665759424,-135.44307068737697,-111.55963150073737,-80.59366344127832
101,-157.3663828307493,-68.02877578116461,-123.49777688545907,-135.1476283015506
102,-152.25106429433856,-95.63975473438963,-131.29377453083967,-141.64397507662005
103,-159.71345526957265,-88.02693725760408,-116.13077729499776,-780.7448726628149
104,-162.58514643281572,-44.90651367727605,-644.1097949525897,-227.40143417170557
105,-228.95124277671619,-63.968052062541105,-125.23017799021802,-127.09882428701502
106,-119.8290613056531,-111.54425599203908,-109.57302581629916,-42.28806826795336
107,-139.2489828582954,0.8472352554105242,-118.97718843643162,-135.56976182709496
108,-123.99868577564678,-152.5884037534688,-94.95200523433328,-162.2416157383919
109,-149.17984244448567,-173.3213093155206,-52.00282923030151,-56.42216914287994
110,-178.90646940840873,-57.080377416320246,13.516486907125739,-35.689424294732476
111,-99.74293108745202,-29.29340222325048,-169.91344369910013,-139.8741422317569
112,-70.13320806164751,-52.99762251078238,-1.28146726886348,-181.14422703941688
113,-201.62520407581792,-81.05703821138313,-180.7434670091182,-117.15286605492676
114,35.93312656130317,-277.2031166248175,-164.5781956756869,-58.374257743784874
115,-151.71427373444328,-125.62327905527778,-180.32532308899926,-35.013647496044456
116,-121.66282630953106,-494.85853733806323,-42.52018011328182,-119.77950615557317
117,-159.39174223705655,-507.4077852875549,-93.74488611558941,-129.80085935871196
118,-157.66681768254898,-144.562775610621,-133.18665704374695,-189.02514268976853
119,-204.80431127749722,-112.7132892646125,-172.75141508038917,51.32528383454127
120,-146.2442048605686,-413.25698351835973,-564.2502557237813,-15.620661586872501
121,-117.47786355055243,-450.8654524916464,-183.15304538242577,-53.286489336967215
122,-109.52256083787451,-73.87175045297931,-13.698487109357643,-62.45439596998217
123,-151.22277207939362,-213.79099312775145,-45.67061332845649,44.31110322664841
124,-22.312046280813462,-430.9889881687639,-119.55257749150313,-173.73593304597236
125,-120.55164551845908,-291.8585350200659,-103.9733643978083,-183.6704541489146
126,-168.56419580337396,-72.55812679702319,-124.61088247296509,-236.6957267974376
127,-108.34253585681992,-56.021576182980546,-172.29090471789107,-64.32602414611956
128,-534.4044252749869,-77.50889583156025,4.926981596446083,-103.51128155289227
129,-178.86569908347278,-60.52314282273312,-125.79980331016424,-34.316591262377386
130,-97.92620659490976,-75.45836990776824,-190.23401222418568,-43.03250186201211
131,-127.32133615732269,-121.83402303695698,-80.21634112293378,-61.598203403454036
132,-156.07195671800875,-70.09418675183906,-25.151343908807505,-138.6654096088125
133,-197.7214170910612,-68.26505289040821,-220.93948015570336,-47.43718350681462
134,-199.83965166216336,-49.24979955539976,-183.9298770383913,-98.8565948066337
135,-179.46678427597425,-49.9131466049074,-191.69669616559935,-303.7157830021349
136,-145.44395634651931,-37.655489484534726,-186.6656592231759,-40.14805121284955
137,-456.7452967980065,-217.63891207107878,-233.94757788943946,-54.82436344880159
138,-169.2328260605363,-131.8941981057199,-281.19742280354393,-70.22267912093162
139,-173.57827217925262,-37.79155403392967,-138.10711033035423,-59.95708903297454
140,-188.76206509964976,-376.699296390822,-156.18111336329707,-41.5780397818678
141,-197.53246493085368,-133.83184174726813,-166.25191187450505,-15.877832177549749
142,-281.11885419797295,-84.29999519665496,-76.03221278002941,-149.70617162507313
143,-146.44621103737097,-64.32175854646951,-74.82586954391637,-141.68259187931653
144,-169.8617387260519,-76.39735865687206,-11.06569530591598,-93.58347157442101
145,-158.55221541958846,-44.33081681634243,-58.79416256085864,-209.0389033699851
146,-149.02711294033287,-74.46571561724241,-135.78924690981015,-32.79487679779885
147,-137.94369710816585,-83.08919723382698,-873.7043253538103,-126.99243956817239
148,-158.04426029666152,-166.16928423324708,-183.21736895385664,39.5507683989577
149,9.552453983830347,-131.27883100357252,38.438189460088694,-46.73945255022973
150,-295.1445949970178,-305.55305485250335,-53.994858225868846,-163.09406419144608
151,-159.2634590209252,-70.24065162521707,-208.25058295439487,-74.56738972982346
152,-240.6138965797663,-88.81234987083778,-190.55659572845042,-45.015927511157365
153,-273.824550847095,-89.91083141769289,-259.92081411542335,-85.22357280813561
154,-147.3218099751357,-48.53037147841209,-88.44948320962195,-10.208613261365528
155,-169.29149361111985,-72.60649905331651,-83.29333648417185,-201.00809403250634
156,-149.2180919634262,-98.18608918230586,-68.39444199680293,38.5691283523328
157,-2.9394417570730127,-184.4627750905845,-241.86560750783357,-143.74383458543429
158,-281.7602732559802,-182.5943427913112,-40.12845369809652,-9.511805775870798
159,-247.86236889803777,-62.52387000984509,-133.9011782825678,-224.94967506780944
160,-168.10669446442628,-85.8029223433743,-111.69192032111903,-198.04239926753496
161,-136.7314948835537,-145.0041215846306,-157.77151556869904,-20.531226375353896
162,-209.71933959424504,-172.2770956284125,-88.92321102819079,-171.5669156940649
163,-143.59494081626016,-20.815776791021634,-133.59177034290775,-130.67566352998412
164,-159.9057029504637,-105.4985023334011,-164.38803395366523,-203.34451292386288
165,-158.15606635734832,-185.48192636012595,-105.03938164791174,-144.77955266660393
166,-164.48008178904962,-79.02842201574816,-221.03912323733465,-165.3751474116513
167,-193.2760909093493,-138.83458337490498,-216.56503777032458,-118.9851430339476
168,-133.86191539159688,-115.36959075675847,-226.49433533118724,-70.81215984119524
169,-136.6453023411147,-80.29280902226333,-82.47889471540108,-154.53471829174828
170,-181.66414807511276,-99.89314069156134,-226.03461168634252,-54.973273009251415
171,-138.03164243480666,-120.91582614506616,-323.6128421414702,-19.258827384217824
172,-163.67839975546127,-80.9754638722896,-201.37681602004557,-155.7810604977863
173,-164.02718388099535,-57.65283399165931,-36.70810590953586,-86.36772705593955
174,-144.85727721924974,-416.3303915749104,-298.61397893437027,-170.91867406946545
175,-206.17006563102876,-131.3692990033319,-218.25037288853542,-137.09415362153027
176,-121.23373164482143,-24.710909282740886,-261.0588970448873,-117.5539120906138
177,-154.4654454154352,-42.9954265246934,-80.19712913659073,-43.62854117454833
178,-154.07170897050545,23.485432211327975,-17.361284820468327,-78.8340881943959
179,-174.68549718160125,-46.3524149226188,-81.19202020733749,-108.99121975088029
180,-68.98367588719354,-110.83451956436006,-102.31558276971012,-113.25601148383208
181,-291.7682105544317,-271.546451377231,-114.22998187634903,-135.14676647621548
182,-176.46359415909984,-76.63773622600633,-168.25725118876284,-67.07858201249377
183,-138.1372633695662,-38.91619774263055,-18.701125022285368,-82.1620421745619
184,-268.5526580406893,-81.22777944360985,-284.75607375491666,-24.63974395309465
185,-137.53803979961768,-70.66255129366428,-454.0527466172379,-79.85806730821436
186,-158.01732504865123,-68.54434306980289,-123.51337465169127,-90.31736774837265
187,-177.696527345526,-14.255120127598559,-259.8112387701739,-48.54739571567892
188,-152.36758220542438,-48.369012879898435,-179.80081497057927,-104.30284829727408
189,-166.72724980369287,-67.0033172306891,-321.8038259728303,-77.25374478465758
190,-197.17763282318464,-93.49890705029308,-326.77809116916234,-77.53578584776412
191,-157.67945829831888,-74.095878520436,-379.09668472641346,-109.96921196672
192,-186.19035353433006,-112.7410716362104,-296.6358716070812,-181.16630723948165
193,-128.52944599546203,156.94508763641335,-387.13430612841125,-116.58748463979268
194,-212.65819300213303,-41.93296507274779,-281.0766583838123,-88.74443628583333
195,-120.79804503574839,-109.6641427963617,-148.4114951233347,-69.02346520948683
196,-181.77967347388935,-109.86710921011499,-364.2091067132668,-243.86015035736412
197,-186.98363548153293,-139.62437207780135,-374.4117599409052,-69.20370156045098
198,-174.16294641071676,145.30300180340106,-468.75754179335775,-78.94463165278151
199,-169.50317275170602,-221.0853134220984,-401.78969850274314,-106.60973004988058
200,-143.14337992921716,-143.52593860161704,-237.20261764572277,-103.48846575862655
201,-138.41996303820864,-152.9108060544254,-463.55471296577275,-278.9766247917421
202,-106.34321303160007,-156.29101471616235,-403.00560780337247,-141.36472918985976
203,-185.4654633014099,-67.30632707584824,-274.5937566661181,-209.67960371663514
204,-145.21166047460497,130.46625980073662,-542.9423406125293,-105.85176135887443
205,-150.99013901102347,-162.4454426252476,-356.2343709352081,-209.60121058956352
206,-177.07265894019775,-137.585270064702,-391.0925006778449,-76.11451910723754
207,-182.85037255144024,-50.32213343658378,-226.574520348659,-231.3028449462943
208,-183.85207116429962,-217.9671043963767,-307.7133060694304,-168.95845594507472
209,-213.71568163782746,-48.434641812017475,-309.66387743114535,-115.30466076474686
210,-173.5970044074113,-94.69334924641726,-266.2060153401776,-70.53384897830459
211,-70.36802511805082,-113.74809652290821,-311.85367612275695,-128.89508831631827
212,24.64252782530656,-149.83308570454415,-274.5967022166494,-116.43853974859076
213,-166.11485893309992,-76.95271230034635,-358.6103039586106,-117.17328916280228
214,-148.10462526176886,-71.08032672527871,-340.047573890375,-84.60830663111288
215,-170.20430422100566,-191.40237784557752,-213.9207783349722,-242.84770660594543
216,-141.30320747688398,-96.74514143845937,-342.08017874740824,-113.07472288611518
217,-109.47513345989364,-69.52831623821474,-186.3941289230285,-70.00946513811043
218,-140.7875436738296,-104.23714453836628,-330.1298601548722,-71.02719247989042
219,-287.8237885119738,-121.35280508284234,-198.77632164780078,-37.95426347639807
220,-150.38256292187205,-93.46090191548872,-328.98358434370357,-163.80261645346735
221,-184.57113648503918,-140.67126364947583,-223.0980197871325,-217.799806320894
222,-163.11666803521422,-125.9497407246085,-275.26296406208144,-202.5806090313652
223,-153.32656043937712,-119.08139664674351,-222.37657418270382,-134.78279378290154
224,-173.39240049365557,-139.77135182562824,-321.98176300095986,-150.0717201447801
225,-103.76139284867506,-146.49622366906004,-194.45345149160923,-116.10314968936962
226,-193.18835207713568,-79.79694749134475,-352.62530251943303,-168.28368793584102
227,-163.87158095927214,-143.3292526468636,-218.31964080135393,-158.82154254485133
228,-122.3226120610411,-143.2209319227175,-250.5775405472251,-119.71534511002687
229,-137.2842764971855,-176.43297935601387,-275.3676569899268,-236.8828221508468
230,-177.5067191661236,-360.09765175252903,-353.64117188591865,-211.7258327393858
231,-127.95831911188475,-98.16581559003862,-271.5153972426556,-108.51087496137973
232,-150.54930226530104,-154.29072377373222,-334.9325916823667,-222.95756229220447
233,-160.08117468600256,-65.71149396571626,-233.1496162931746,-38.54545771503777
234,-120.63622235707913,-85.33146995197754,-215.80877276023813,-129.46402135342822
235,-118.21330994150689,-168.17983513432551,-272.28855672521644,-231.13846200923254
236,-102.10289497747664,-125.39730944599805,-211.4184063026009,-130.73828229999742
237,-149.8881166976856,-74.71261276586736,-170.7146396809732,-156.13040186749333
238,-149.43536964495337,-76.78696850718569,-408.18771466765867,-162.1751933393918
239,-161.4413401099039,-70.70023980942167,-242.55448807935107,-131.634277473565
240,-181.00021064453483,-64.16003092337853,-197.42432166314154,-117.65333737853099
241,-133.5916014633291,9.531596183632018,-194.61663417334043,-218.23929434079497
242,-142.01142029960997,205.25741963436514,-349.6370426085854,-38.30667157177879
243,55.3381817749339,-50.51505778704315,-476.36158949522735,-107.98309263282421
244,-96.76819290793304,-77.07464886174753,-332.5501613687366,-128.84522613267305
245,-137.39287742281164,-128.3403696113831,-444.80515903992796,-246.25908650772615
246,-187.07034816328527,-113.15111364170747,-194.63957946608068,-4.045210567161035
247,-162.55724005214574,-92.76735174766625,-181.82376608797847,-175.2500720346854
248,247.57479534166936,-66.55034747001716,-280.3045818107945,-181.71195140522548
249,-130.23220406363436,-94.96773540556951,-521.5830463145817,-154.28005420116398
250,-107.36416594656095,-83.1748154651069,-309.8330787284764,-91.9677299303784
251,-391.38661569448067,153.0832888524534,-432.14163541653636,-93.52601131556288
252,-120.63701324266452,-99.65557384752393,-274.43710713481886,-113.11870647605157
253,-105.10747676496652,-22.80041466346131,-245.44375499873516,-110.81447100560754
254,-199.9494360993846,-129.41223595199088,-339.9614225541668,-14.520952839191438
255,-201.7670763599404,-71.70255147442178,-194.30656358998237,-122.02464199402557
256,-171.7912722002177,150.07088706743798,-248.94891758505935,-152.81329465978928
257,-166.87351959383176,-72.5127202544384,-223.49351547830923,-126.06154825611895
258,-539.9746840586627,-65.96143790679278,-183.76019588176166,-179.91370742879587
259,-148.55664719469047,-438.56762074162907,-236.03296300622736,-135.34439885066925
260,-84.48430550185384,-47.653438546994266,-294.02339181040134,-103.65831462980938
261,-132.63334564183594,-54.26085062143074,-204.06357768691697,-95.54940139780663
262,-119.99517047635246,-81.08530237421799,-319.3562668352723,-31.414172280477928
263,-143.3423098118136,-430.7548777319904,-232.49512745483221,-153.89329810786685
264,-166.41683201834203,-127.0052726833325,-232.1046241084507,4.266931138765116
265,-168.74067429103468,-191.19721484290983,-156.01605058983958,-90.04543697731933
266,-160.5185900831896,-114.99689919151903,-193.48091240126075,-47.59221390348613
267,-405.547939709655,-171.58124108560563,-237.699467553066,33.78561574092771
268,-140.91126098037813,-209.55608641112866,-258.957166334554,-61.95960707883461
269,-158.67196502295195,-168.77569792102423,-187.61324015064116,26.337775034683204
270,-176.30457821152592,-164.42108295393106,-186.767705424359,-154.01694987752057
271,-136.27781313049192,-226.22780420959,-238.28716371486897,-129.47250011672912
272,-189.18694482627234,-179.25821846635367,-193.5982142055917,-82.20486771482285
273,-169.69428308140522,-217.86836066009351,-336.7263125525029,-65.58334253530323
274,-127.04269463668794,-217.26244737276568,-141.0251310747628,-54.59710317201237
275,-128.36691881073193,-117.05238740518386,-263.5703492704117,-36.33097170192808
276,-181.80583581664513,-307.75144370122587,-263.77870272493146,-59.368077125804405
277,-146.50978046304553,-229.2570386825194,-299.7777985192849,-122.49258371769159
278,-159.01499466041707,-42.018737986641455,-233.09707277200934,-82.01861342560497
279,-171.7087187140142,-122.02835896922758,-261.3707236467874,-92.76831958526559
280,-85.50046636292637,-155.86515493941766,-348.59530663073724,-113.25474816393822
281,-222.90228175324145,-125.34302918390253,-448.5720213799476,-71.55957411319886
282,-199.72332889258206,-59.61134449037826,-203.50362121221556,-133.56134089907005
283,-109.095295682265,-210.27866246848652,-235.98797884243766,-95.09980314864956
284,-155.5897948694873,-133.2436752597001,-154.24145183067077,-150.18627710806152
285,-72.45701257615289,-231.5023266460566,-255.48808084881415,-144.02651067072975
286,-242.60444016489825,-54.67282715386197,-232.2350052434045,-42.06750889964415
287,-171.7337231415258,-83.8782433521641,-410.7000973938775,-163.7922051932626
288,-99.31648739549533,-229.7387253401074,-194.7312092754906,-131.6158856815364
289,-124.40738040551639,-52.56075368939663,-150.59536763197008,-144.10500287663967
290,-162.23457152109586,-102.95449829433275,-169.4785331579679,-71.48717699967452
291,-118.62620556416309,-95.80320024099197,-134.80723035948577,-136.70163841271966
292,-153.081515282782,-130.87966789763945,-238.46458975743965,-146.16138589205093
293,-160.69141758077433,-166.46731162151414,-218.0438803086825,-149.7082749564488
294,-134.95880238926165,-72.06156094781528,-184.0947746823713,-126.64604718696927
295,-115.61636945144284,-60.07805741437387,-185.65550592551162,1.064668258092695
296,-390.32760866653746,-79.21251422809866,-173.49222539300803,-93.25921399605721
297,-184.35591561795866,-193.3829329950247,-134.85761431863193,-61.191953134387006
298,-184.9577837636125,-96.82971396029221,-163.15297079941575,-142.10956923273483
299,-134.76816102402208,167.63746386315808,-186.41968250238773,-126.57254207508792
300,-159.06839312128875,-28.247173643499565,-35.560054806860805,-158.89319837817825
301,-173.3318382797986,-105.88077817864769,-215.23755883025729,-85.93465774456165
302,-138.78364956595306,-135.0209925820723,-231.5780816322398,-73.46040584134647
303,-113.71282658052144,-75.96677540251648,-172.47869181602215,-38.38582199106065
304,-170.56275869067844,-101.63574316630795,-240.77874122441557,-132.44271902394365
305,-161.27033930406083,175.5655667521856,-216.50117962564914,-106.13791026237305
306,-156.72525942027863,141.32056940640246,-197.90927996223755,-180.06932300676078
307,283.0677164365695,-49.21499980980727,-159.19266914565804,-81.4754832296678
308,-168.82095960763664,-156.05174767617018,-219.3160220841237,-120.08635907736623
309,8.18833896538034,-102.66669165342867,-186.65662557146035,-55.025669221716996
310,-142.31489365800883,-71.30671434061918,-246.30313926500068,-109.24227882032162
311,-130.47013518422847,-92.02036599766915,-204.11711919181323,-120.76938335122585
312,-165.73857586750705,199.19685928936525,-130.00649728848913,-192.54547999739106
313,-167.19570709672576,-27.57118923181757,-194.36142903829494,-78.96923839993802
314,-172.1234545137968,-45.77206880430225,-324.25600877597185,-107.03403953753637
315,-351.14807990675695,-82.05378562456707,-195.83582378260166,-99.29369658921874
316,-151.54138748082326,-106.29280914749619,-148.47264979315344,-45.87165109475178
317,-348.6296572221146,142.1448450431671,-259.8979581644827,-67.22929118764385
318,-163.92845234061255,-120.16844888851905,-365.89316431343485,-152.32574583775067
319,-220.235557053776,-118.25254412480227,-162.48694726844067,-123.41280046587482
320,-104.98348091416503,-84.04912268729487,-236.41216857206967,-80.51267145067507
321,-217.07526057018984,163.13416077085932,-186.70552448512274,-153.53654795658434
322,-161.86357180034855,-47.002267831517415,-143.62455655284487,-109.21579440787292
323,-8.037695892129108,195.42903069131393,-189.47549921555634,-36.502841122656875
324,-139.95661162966925,-84.91440162977167,-226.8598914270977,-118.84745442253426
325,-176.89282388581745,174.26398258857284,-205.50565903297525,-153.9355979573303
326,-144.2405478085387,-48.65857911907321,-185.01100244005647,-73.915203640846
327,-517.269867657541,222.723747717963,-198.61860476924215,-184.11435394792895
328,-93.32991697421504,-32.46704946439496,-312.71881411625316,-142.21102708905434
329,-162.24195763590416,-79.35375141598362,-188.32655614433912,-98.40243928123142
330,-168.81137050601768,-34.383342761630786,-173.74473245086935,8.235831746237025
331,-178.3719401067685,-59.76193450271664,-145.9482973181599,-129.31111573340354
332,-151.94934623275796,-41.26888756346714,-235.78265555198615,-61.29410023779792
333,-394.7740763119305,-221.11898114161718,-198.1649772681954,-32.14112590551244
334,-562.670322155772,169.26876683665643,19.392839405536478,-111.5985275306852
335,-162.40802853763455,-113.97698507342949,-168.43064035360922,-123.32952846709902
336,-92.88975416310618,145.1501618806916,-159.82061175998334,-37.41752208139973
337,-170.67863198206607,153.39891845686657,-160.24002199562239,-88.28736220726995
338,-178.66478585478563,-74.17956719427475,-134.8609326965858,-100.59586868064466
339,-147.4462842727135,-67.01148644760188,-133.34069099154792,-128.53682263108368
340,-190.61454875220818,-58.366574611554654,-108.65861559640385,-73.85801977069767
341,-206.00201971371376,-195.2035635788826,-203.0688238493755,-129.66825380389952
342,-151.7770700274517,156.3848521074242,-157.89678622490584,-212.4317128990523
343,-130.28159079796566,-66.4461382511949,-169.29650711201998,-167.06268176324784
344,-151.61313141899888,159.13433104384438,-232.28113995285398,-91.49874487127153
345,-169.7644974558641,-109.20576538383095,-340.1018786367846,-76.74070958029112
346,-92.18764109309765,-50.35953053146018,-160.40810420264881,-114.75124800986714
347,-112.76582000784057,-191.32800315821072,-206.66248992756667,-172.84589467702034
348,-250.9908309100314,193.99345183666304,-164.76367708434975,-63.23868018402085
349,-160.4233438050705,-92.55664817169402,-123.74437110462776,-110.52914522773031
350,-149.24915337522344,8.655809736231788,-218.59496494050023,-120.27238783788817
351,-227.5270389902707,-53.13028167133933,-79.61394991061258,-144.86139971035152
352,-179.0991988656865,-114.43823112798063,-195.19242884327954,-108.47689265374129
353,-399.90750218771416,-85.71280826638477,-25.840073137860557,-80.68106320854535
354,-170.14250530954956,-8.725562545115636,-79.68186847062431,-264.51491517872694
355,-159.87066618315438,114.5544252904921,-146.7739298800807,-166.02900702575744
356,-247.7548990017658,-116.10367626150085,-164.95152846364573,-147.79680828343993
357,-116.38981601708403,-39.26134878197122,-39.75706320369028,-126.93924880288542
358,-117.73530668762744,-70.84208885396238,-130.9385258138243,-86.26718127903692
359,-143.99276257422542,-89.98676016048543,-62.23031191948973,-76.29556409180914
360,-102.52018849148777,79.19478781639101,-406.27253195954,-155.40858659630263
361,-150.47502237479324,-139.51116412155332,-99.82808585994026,-130.7646804677256
362,-92.25632696138226,-142.26842750881397,-39.38802347145856,-142.27212312559863
363,-97.15447477873704,139.59695694880241,-161.4623216157699,-129.4964988853864
364,-152.18987718625402,210.70449112398558,-53.55183394928103,-95.55698382606523
365,-173.49199353750708,121.5366892110595,-123.93722327193365,-95.37878134296625
366,-88.36826225169284,-104.9742894997142,-185.57802268855542,-135.78609935656755
367,-294.9870993963451,-126.80841708131334,-148.5139842134482,-163.12060686132554
368,-110.62039866103666,160.95019123989388,-98.48281559497364,-102.56446482622435
369,-172.2468020520904,133.88926417774368,-130.79261309143462,-252.68683031648254
370,-154.63493781935418,-76.93629982369924,-104.50336557821416,-45.7096626945974
371,-165.80422459656927,-89.96692040245631,-164.4745720572521,-115.15034155103193
372,-353.6821936477828,-92.92410668689709,-47.14145393701469,-28.54741274026196
373,-130.51879233330754,161.13150267860505,-97.77171784288879,-122.95137117496746
374,-162.0254923018678,146.33454585175605,-25.77693106504678,-163.79171038129385
375,-137.23695026469935,-62.24016092038421,-484.36492600559114,-155.863149987176
376,10.821244452930586,-67.02667980194741,-166.53464555147616,-198.60861630372386
377,-160.47022176372454,180.7919400249284,4.3487668274854485,-101.6154915736673
378,-158.92804556609514,-42.92970242983705,-98.39123288777921,-123.91112790013909
379,-168.37333316337936,-48.420794320305916,-132.1728565028655,-105.94466097675452
380,-144.64083947789345,-83.87032214055336,-118.21418775773638,-108.05011867067202
381,-123.5719998527338,-120.0541118391782,-101.05118807039986,-95.82654311231789
382,-241.3729319207176,-129.009488359409,-103.61159597753965,-159.46416343942468
383,-153.18428447235294,-73.35802265184381,-114.9567917244271,-95.93097097644288
384,-146.59607970189768,-103.79705600423722,-193.45311072313302,-147.82496503829333
385,-111.89135062808501,-94.62727053563515,-123.66019971551879,-253.67039681584737
386,-170.39533906908494,-112.87116161589498,-189.56127592314746,-78.21350134590742
387,-108.21458220724693,199.314727373188,-90.78977853776301,-141.92254572608414
388,-162.27631177968348,-172.76107497058223,-207.32345546327969,-74.02661762463866
389,-101.70751313852662,-114.1500477409416,145.40935076519332,-126.9270514387665
390,-150.73163016051703,-213.27492929101768,-257.105215063042,-82.03388458521206
391,-361.5514317709939,-96.02432354463426,-130.59052927621042,-146.00215722678837
392,-243.08126183210223,-43.05052371644058,-99.43211487581603,-118.01103769297575
393,-168.8077147780623,139.94305945423616,-287.3865775673283,-101.69678906864957
394,-120.02283146199102,-117.83807136661211,-187.97119612455128,-61.99974625960054
395,-114.65474504822043,-143.52806289295222,-251.3733344305918,-83.88241615731341
396,-197.53928263510764,-142.65053256366315,-161.41628052660354,-162.33046645158822
397,-155.92279432773125,114.56549839744315,-34.415914194938296,-114.16543500170977
398,-138.24980326887132,191.82255650520077,-50.19704432806297,-123.30545295730278
399,-172.1605225441215,-104.3771652780716,-113.18231512509198,-81.52763565835659
400,-219.8027308501864,240.49601464082303,-108.38769112568585,-132.56221799566558
401,-272.62424519253193,-74.48012315147591,-99.12237896111775,-21.815688246022304
402,-188.10153210173274,-30.37831932414474,-85.27837510140459,-158.86636662064296
403,-141.24054989299844,-259.62708209994975,-206.90610586942773,-120.5032227002709
404,-319.7119324134119,-43.19686064864722,-92.42080517392912,-102.10036183083167
405,-177.34723057313238,184.08653752200865,-109.59715963729002,-105.97600487189801
406,-227.57910658421747,-45.96579404666201,-74.92229267025894,-151.90313919574027
407,-109.12240083473999,-45.738761773337025,-128.5548714653739,-36.80636195650189
408,-154.32232688081493,-232.13199018920932,-71.44362996025433,-113.0441809537279
409,-142.33548948340172,-86.94842171401939,-265.02581275168205,-164.46992100761085
410,-219.04284610365522,-88.51436213450138,-120.12037203031936,-50.07947615556334
411,-163.95586483869923,-133.35876358657805,-45.64194645194082,-89.07080191313871
412,-97.79392713668575,-10.96912854224216,-3.363622601897447,-56.866469267473036
413,-168.6347859930121,-237.07497364026028,-112.42387333201196,-93.74158018561246
414,-188.76584873898372,-198.32906054953753,-206.23469888136106,-112.11413994998031
415,-128.89292054371145,132.13357366128406,-94.25039786134086,-54.307110072272394
416,-170.1942520630046,62.31746328012859,-18.123036371587943,-72.24295369855935
417,-283.92280141406695,218.84209430869768,-126.24783290112768,-108.79200919904893
418,-157.35031410838667,162.78296617764536,-117.84043202763351,-87.874473623586
419,-164.35955332504028,-105.49695208495505,-154.73229279662198,-82.66027882376687
420,-220.98009026206643,-78.66928777655373,-88.83152900155594,-194.28563733949278
421,-164.64615970043488,193.65550831814284,-187.30473378203646,-101.58352394415259
422,-178.23467997149515,-75.40085799857641,-59.61119579256997,-72.1994147870298
423,-133.15866548731114,-127.89403299399478,-266.9755396486555,-57.322043753630936
424,-216.0085354322962,-50.910501268569725,-91.08735732125808,-94.66717646354024
425,-227.30026564556744,172.96669641661828,-476.63646409756325,-42.009135775745094
426,-159.397533226877,168.3813475699925,-155.9835753812817,-139.4076692156132
427,-137.6520295241533,-248.40656742818263,-123.45714556601735,-91.34537469207662
428,-134.34626808643287,202.03434670713472,-193.22534535482254,-47.15529765721023
429,-428.8746515137615,156.60833217167624,-115.6405100515909,-90.54126382069597
430,-126.06829873338894,90.85486953835952,-149.19274011760035,-97.10616335089321
431,-226.64354308223852,-119.40213053130556,-75.33058330173317,-117.8838153902231
432,-315.04314953782807,-152.18699220781957,-61.93283957103833,-407.2171610561559
433,-160.16258104009333,233.14873701748303,-242.716015085963,-61.309152206678704
434,-123.63107182387284,221.9250418158596,-153.75113158676132,-99.72906139789
435,-150.2587971033421,129.3308823410027,-120.26122859014566,-97.00245232372939
436,-242.2973044652742,160.7574370072839,-175.92864196735349,-165.2868520445544
437,-147.0469579670114,123.11341217941,-188.53991526165606,-92.01603897876768
438,-107.24010320554385,229.9050272078504,-50.585297199679125,-33.04458128318774
439,-155.72775841418502,138.91125526610142,-175.70186490996997,-84.45264510694177
440,-162.05337893507243,-56.638092299607685,-144.81013113069173,-8.814858088923017
441,-161.6795517644539,169.65627330636158,-116.66408870600381,-133.5137783002076
442,-142.21216776231745,-120.04459307866927,-133.58298969613253,-132.418311234799
443,-160.68450502216868,146.39017285468944,-163.43028885071277,-91.69547979042397
444,-163.01835572666386,189.38630644954594,-144.16903317216355,-125.45930329169302
445,-146.7274433458633,120.23777982724155,-176.8667530608588,-67.24173752265845
446,-165.60785130930572,-82.28577905728845,-210.25440994684865,-116.2152570873408
447,-175.46488370556233,148.28043871377542,-184.5278354413306,-92.13406427281954
448,-103.97226117092961,107.86823436538737,-112.5223293627748,-73.59226624267114
449,-137.9284212479031,164.58418830953875,-108.8924238508048,-55.07020731486384
450,-177.0113204668489,160.71565901043522,-193.34509434798414,-157.2794632489628
451,-274.2691722838107,195.02068335030413,-184.8451404509933,-99.39880448221817
452,-200.29326749780273,146.38729783712196,-120.99820345463198,-38.78335880200002
453,-388.9828055549767,-58.97494084119743,-181.07999446253518,-60.15675098817843
454,-172.62552446288697,239.36243805841147,-154.68349716908781,-42.04480428955581
455,-167.36538151516064,-54.60384222415484,-127.00297623023326,-112.03939858847929
456,-119.80467083356308,-43.36257218569481,-198.2973905830938,-85.50491322416181
457,-87.45713721344954,201.35435747689726,-161.8262379911908,-84.40819245841432
458,-188.34521783164877,201.57337102114258,-188.16759140721217,-67.19247882222223
459,-166.3647772539321,133.8502978573679,-131.94941396286072,-87.60755678431981
460,-168.12943301695336,-153.02637626960313,-133.06857288636814,-99.78107880455052
461,-144.50099388588012,175.2832328511364,-174.7989072555943,-143.22386785255603
462,-235.8666630039975,166.07274452931202,-173.990579215734,-90.9127385884498
463,-162.83860414222306,109.02609880730883,-116.17579104268057,-97.69164133906015
464,-189.65318045255358,126.59134449107245,-144.24150549844143,-35.17640013224248
465,-167.5968495675338,189.47626902178115,-208.04855704344567,-128.35874155972067
466,-302.0548238913977,209.66499881057314,-411.12825512586323,-107.17015985648476
467,-161.3506425308429,-105.3978935558917,-270.8793360631508,-55.649286120112635
468,-187.12059144157405,-59.73641785523627,-151.2068034083424,-25.35240280845393
469,-126.03213225529962,170.00871203873,-177.46026872495906,-47.75850617413702
470,-269.3953360416757,-44.01875573834242,-190.15095609763438,-11.4378787396534
471,-199.2372799007785,-149.31858399373576,-162.02777065332498,-131.03619357126036
472,-151.6243939356973,210.180355575309,-108.97493958037671,-123.38307009041289
473,-282.64834035137324,200.53851617120233,-185.3091083749827,-70.9134519016641
474,-180.6434762972751,-47.08663701444844,-146.75102234336805,-44.789192022011505
475,-134.72580211759117,179.72245767309303,-193.5258518263543,-28.332594693392963
476,-165.6116392914869,156.63242742267906,-143.99504654867087,12.028858130621359
477,-105.64464398990665,-63.057095485012354,-148.64506890308203,-44.93921692639224
478,-281.1652913370016,-191.14190469693153,-28.799047115935124,-358.60646602345264
479,-142.01495277586662,218.14075915670094,-118.80142024712333,-10.664651412119483
480,-146.81481058730265,141.44620723685958,-325.307065668823,-94.4116198345004
481,-127.3238117374186,124.78011358189366,-146.15090970710298,-391.8491783485611
482,-181.4129667164018,169.47050330121226,-156.57571576485827,-78.7828905933032
483,-225.2956281801313,208.26449541331363,-209.11836285994292,-387.983848216336
484,-157.52340973384105,182.85682627896807,-148.38995494427851,-63.8077042958888
485,-167.2612363954538,173.05341033975748,-173.09198850562143,-65.20713398816781
486,-168.67759627443476,-51.21872258921463,-158.38015696686523,-394.5521316070548
487,-98.78886159920017,217.08522577679253,-35.38942001158141,-109.2187979482591
488,-112.00785738641517,156.30981532543703,-122.80417105105862,-49.33704161111555
489,-119.74102422972737,125.62276346429665,-150.6036527831276,-377.483851300978
490,-125.09083929012439,111.82083449708198,-136.1795162843371,-267.9946948993728
491,-153.03375510161936,192.75558055045798,-175.38668336876952,148.46107326572695
492,-156.30077365076008,165.96397198470314,-192.92151103630715,-76.32395219396811
493,-229.2287347584464,-212.17367594366465,-95.52235606499674,-73.2938351689463
494,-158.13949232293135,182.92565094780656,-205.85304569472265,-129.08557472732403
495,-152.72935426942018,188.30835763698354,-116.89336920243723,-6.789323833461182
496,-127.00653931204971,-97.92742200412806,-110.0291779447927,-52.830104597828196
497,-134.8467065652207,156.55919823306786,-45.6934529250489,-65.1613365398223
498,-181.2362125759974,200.41180067629227,-126.35581234573112,-77.99404386333056
499,-81.18108080979086,187.41802506413495,-164.03809777165725,-110.24951819315159
500,-343.30522732686177,194.77862973573744,-105.05393818095179,-100.7225087063346
